<keymap version="1" name="macOS copy" parent="Mac OS X 10.5+">
  <action id="ActivateTerminalToolWindow">
    <keyboard-shortcut first-keystroke="alt f12" />
    <keyboard-shortcut first-keystroke="alt t" />
    <keyboard-shortcut first-keystroke="ctrl meta alt t" />
    <keyboard-shortcut first-keystroke="meta back_quote" />
  </action>
  <action id="Arrangement.Alias.Rule.Match.Condition.Move.Down" />
  <action id="Arrangement.Rule.Group.Condition.Move.Down" />
  <action id="Arrangement.Rule.Group.Condition.Move.Up" />
  <action id="Arrangement.Rule.Match.Condition.Move.Down" />
  <action id="Arrangement.Rule.Match.Condition.Move.Up" />
  <action id="CloseActiveTab">
    <keyboard-shortcut first-keystroke="shift ctrl f4" />
    <keyboard-shortcut first-keystroke="shift meta w" />
    <keyboard-shortcut first-keystroke="ctrl meta w" />
  </action>
  <action id="Console.TableResult.CompareCells" />
  <action id="Debug">
    <keyboard-shortcut first-keystroke="ctrl d" />
    <keyboard-shortcut first-keystroke="shift meta d" />
  </action>
  <action id="Diff.ShowSettingsPopup" />
  <action id="EditorIndentLineOrSelection">
    <keyboard-shortcut first-keystroke="alt right" />
  </action>
  <action id="EditorNextWord">
    <keyboard-shortcut first-keystroke="ctrl alt f" />
  </action>
  <action id="EditorPreviousWord">
    <keyboard-shortcut first-keystroke="ctrl alt b" />
  </action>
  <action id="EditorSelectWord" />
  <action id="EditorUnSelectWord" />
  <action id="EditorUnindentSelection">
    <keyboard-shortcut first-keystroke="shift tab" />
    <keyboard-shortcut first-keystroke="alt left" />
  </action>
  <action id="GotoAction">
    <keyboard-shortcut first-keystroke="shift meta a" />
    <keyboard-shortcut first-keystroke="meta p" />
  </action>
  <action id="List-selectFirstRow" />
  <action id="List-selectLastRow" />
  <action id="MethodOverloadSwitchDown" />
  <action id="MethodOverloadSwitchUp" />
  <action id="MoveLineDown">
    <keyboard-shortcut first-keystroke="shift alt down" />
    <keyboard-shortcut first-keystroke="alt down" />
  </action>
  <action id="MoveLineUp">
    <keyboard-shortcut first-keystroke="shift alt up" />
    <keyboard-shortcut first-keystroke="alt up" />
  </action>
  <action id="NextWindow" />
  <action id="Run">
    <keyboard-shortcut first-keystroke="ctrl r" />
    <keyboard-shortcut first-keystroke="ctrl meta t" />
  </action>
  <action id="RunClass">
    <keyboard-shortcut first-keystroke="shift ctrl r" />
    <keyboard-shortcut first-keystroke="meta t" />
  </action>
  <action id="ServiceView.ShowServices" />
  <action id="ShowSearchHistory" />
  <action id="SmartSelect" />
  <action id="SmartUnSelect" />
  <action id="SplitVertically">
    <keyboard-shortcut first-keystroke="ctrl meta close_bracket" />
  </action>
  <action id="TableResult.GrowSelection" />
  <action id="TableResult.ShrinkSelection" />
  <action id="Uml.ShowDiff" />
  <action id="UsageView.ShowRecentFindUsages" />
  <action id="Vcs.UpdateProject" />
</keymap>