<profile version="1.0">
  <option name="myName" value="Default" />
  <inspection_tool class="DuplicatedCode" enabled="true" level="WEAK WARNING" enabled_by_default="true">
    <Languages>
      <language minSize="78" name="PHP" />
    </Languages>
  </inspection_tool>
  <inspection_tool class="LaravelPintValidationInspection" enabled="true" level="INFORMATION" enabled_by_default="true" editorAttributes="INFORMATION_ATTRIBUTES" />
  <inspection_tool class="PhpStanGlobal" enabled="true" level="ERROR" enabled_by_default="true" editorAttributes="ERRORS_ATTRIBUTES" />
</profile>