<application>
  <component name="LafManager">
    <laf themeId="6a77f0b6-74e1-4120-b907-2eac86977d6a" />
    <lafs-to-previous-schemes>
      <laf-to-scheme laf="Arc Dark (Material)" scheme="_@user_Arc Dark (Material)" />
      <laf-to-scheme laf="Atom One Dark (Material)" scheme="_@user_Atom One Dark (Material)" />
      <laf-to-scheme laf="Custom Theme (Material)" scheme="_@user_Darcula" />
      <laf-to-scheme laf="Darcula" scheme="_@user_Darcula" />
      <laf-to-scheme laf="Dark" scheme="_@user_Dark" />
      <laf-to-scheme laf="Deep Ocean Theme" scheme="_@user_Material Darker" />
      <laf-to-scheme laf="Dracula (Material)" scheme="_@user_Dracula (Material)" />
      <laf-to-scheme laf="Gerry Darcula" scheme="_@user_Gerry Darcula" />
      <laf-to-scheme laf="Gerry Dark" scheme="_@user_Gerry Dark" />
      <laf-to-scheme laf="Gerry Storm" scheme="_@user_Gerry Storm" />
      <laf-to-scheme laf="Gerry Violet" scheme="_@user_Gerry Violet" />
      <laf-to-scheme laf="GitHub (Material)" scheme="_@user_GitHub (Material)" />
      <laf-to-scheme laf="GitHub Dark (Material)" scheme="_@user_GitHub Dark (Material)" />
      <laf-to-scheme laf="IntelliJ Light" scheme="_@user_IntelliJ Light" />
      <laf-to-scheme laf="LIGHT_CUSTOM" scheme="_@user_Material Lighter" />
      <laf-to-scheme laf="LIGHT_OWL" scheme="_@user_Default" />
      <laf-to-scheme laf="Legacy Gerry Darcula" scheme="_@user_Gerry Darcula" />
      <laf-to-scheme laf="Legacy Gerry Dark" scheme="_@user_Gerry Dark" />
      <laf-to-scheme laf="Legacy Gerry Violet" scheme="_@user_Gerry Violet" />
      <laf-to-scheme laf="Material Darker" scheme="_@user_Material Darker" />
      <laf-to-scheme laf="Material Deep Ocean" scheme="_@user_Material Deep Ocean" />
      <laf-to-scheme laf="Material Palenight" scheme="_@user_Material Palenight" />
      <laf-to-scheme laf="Material Sandy Beach" scheme="_@user_Material Sandy Beach" />
      <laf-to-scheme laf="Material Sky Blue" scheme="_@user_Material Sky Blue" />
      <laf-to-scheme laf="Material Space" scheme="_@user_Material Space" />
      <laf-to-scheme laf="Material Volcano" scheme="_@user_Material Volcano" />
      <laf-to-scheme laf="Monokai Pro (Material)" scheme="_@user_Monokai Pro (Material)" />
      <laf-to-scheme laf="Moonlight (Material)" scheme="_@user_Moonlight (Material)" />
      <laf-to-scheme laf="Night Owl (Material)" scheme="_@user_Night Owl (Material)" />
      <laf-to-scheme laf="SynthWave '84 (Material)" scheme="_@user_SynthWave '84 (Material)" />
    </lafs-to-previous-schemes>
  </component>
</application>