<application>
  <component name="ProjectManager">
    <defaultProject>
      <component name="ComposerSettings">
        <execution />
      </component>
      <component name="ProjectViewState">
        <option name="autoscrollFromSource" value="true" />
        <option name="hideEmptyMiddlePackages" value="true" />
        <option name="showExcludedFiles" value="false" />
        <option name="showLibraryContents" value="true" />
        <option name="showScratchesAndConsoles" value="false" />
      </component>
      <component name="PropertiesComponent"><![CDATA[{}]]></component>
      <component name="WindowStateProjectService">
        <state x="464" y="239" width="828" height="677" key="#Run/Debug_Configuration_Templates" timestamp="1713910160460">
          <screen x="0" y="38" width="1728" height="1079" />
        </state>
        <state x="464" y="239" width="828" height="677" key="#Run/Debug_Configuration_Templates/0.38.1728.1079" timestamp="1713910160460" />
      </component>
    </defaultProject>
  </component>
</application>