<application>
  <component name="CachedDictionaryState">
    <words>
      <w>anonymised</w>
      <w>blameable</w>
      <w>cronofy</w>
      <w>epcs</w>
      <w>esign</w>
      <w>esignature</w>
      <w>fallthroughs</w>
      <w>fillable</w>
      <w>longere</w>
      <w>mentionables</w>
      <w>mentionee</w>
      <w>mentioner</w>
      <w>onboarding</w>
      <w>phpstan</w>
      <w>presentables</w>
      <w>prunable</w>
      <w>quotables</w>
      <w>singlelet</w>
      <w>svix</w>
      <w>throughs</w>
      <w>unanonymise</w>
      <w>watchables</w>
    </words>
  </component>
</application>